axis,layer,mean,std,abs_p95,min,max
growth,macro,-0.012869411480317582,0.3410252092646774,0.7718325111151476,-0.9051482536448664,0.7719840740961453
growth,market,0.01561502180239807,0.3692679037037148,0.7342479007305298,-0.9051482536448664,0.9051482536448664
growth,final,0.0027989543673009516,0.24890545017799418,0.4948385714003033,-0.8682894750729476,0.7299321420944449
inflation,macro,-0.07413082642306527,0.31519021917582096,0.6034321690965776,-0.7434457139752675,0.8320351898396091
inflation,market,0.0023016429729184867,0.30696509901182034,0.681972613499881,-0.897166720273897,0.8519040143271721
inflation,final,-0.02812238935224396,0.22218819080686958,0.5260338998466119,-0.7477634886454974,0.7141535761244562
