axis,concept,weight,mean,std,abs_p95,min,max
growth,broad_leading,0.75,0.0482697255854946,0.3897568142889916,0.850623177067678,-0.9051482536448664,0.5432526389792486
growth,consumption,1.0,-0.07500296761162321,0.41388619926217285,0.8705112445372186,-0.9051482536448664,0.9051482536448664
growth,labor,1.0,0.01087811240294769,0.4078358630694319,0.8992801259783191,-0.9051482536448664,0.9051482536448664
growth,production,0.75,-0.022827172215409235,0.4093929978700254,0.9051482536448664,-0.9051482536448664,0.9051482536448664
inflation,market_expectations,1.25,-0.006526976188752445,0.3756106728235951,0.8274516110081666,-0.9051482536448664,0.9051482536448664
inflation,persistence,1.0,-0.24208258501744065,0.5097955055948188,0.9051482536448664,-0.9051482536448664,0.9051482536448664
inflation,realized_broad,1.0,-0.10645143483090158,0.48694642576711933,0.9051482536448664,-0.8776534524578243,0.9051482536448664
inflation,wage_pressure,0.5,0.15740428199557596,0.6148974398615449,0.9051482536448664,-0.9051482536448664,0.9051482536448664
